Query,Interest,Year,ID,Title,Link,Funding,Organization,PI,ActivityCode
genomics OR genome OR sequencing OR GWAS OR CRISPR,Which genomics technologies have experienced the fastest NIH funding growth over the last five years?,2020-2025,11374055,The Molecular Basis of R249W LMNA-related Congenital Muscular Dystrophy,https://reporter.nih.gov/project-details/11374055,424743,"UNIV OF MARYLAND, COLLEGE PARK",,R21
genomics OR genome OR sequencing OR GWAS OR CRISPR,Which genomics technologies have experienced the fastest NIH funding growth over the last five years?,2020-2025,11352040,Echinocandin Cross-resistance and Hetero-resistance,https://reporter.nih.gov/project-details/11352040,412324,JOHNS HOPKINS UNIVERSITY,,R21
genomics OR genome OR sequencing OR GWAS OR CRISPR,Which genomics technologies have experienced the fastest NIH funding growth over the last five years?,2020-2025,11359654,Neuropeptide Y Receptor Signaling in Gut GVHD: Targeting Y1/Y2 Pathways for Immune Modulation,https://reporter.nih.gov/project-details/11359654,164500,COLUMBIA UNIVERSITY HEALTH SCIENCES,,R03
genomics OR genome OR sequencing OR GWAS OR CRISPR,Which genomics technologies have experienced the fastest NIH funding growth over the last five years?,2020-2025,11344989,Immune checkpoint receptors and their blockade in skin and gut,https://reporter.nih.gov/project-details/11344989,602641,UNIVERSITY OF CHICAGO,,R37
genomics OR genome OR sequencing OR GWAS OR CRISPR,Which genomics technologies have experienced the fastest NIH funding growth over the last five years?,2020-2025,11347745,Efficacy of targeting GAPM3 to block acute and chronic Toxoplasma gondii infections,https://reporter.nih.gov/project-details/11347745,463290,UNIVERSITY OF OKLAHOMA HLTH SCIENCES CTR,,R01
genomics OR genome OR sequencing OR GWAS OR CRISPR,Which genomics technologies have experienced the fastest NIH funding growth over the last five years?,2020-2025,11355774,Development of Adipose Derived Stems Cells System for HCMV latency,https://reporter.nih.gov/project-details/11355774,148519,UNIVERSITY OF TENNESSEE KNOXVILLE,,R03
genomics OR genome OR sequencing OR GWAS OR CRISPR,Which genomics technologies have experienced the fastest NIH funding growth over the last five years?,2020-2025,11365750,The impact of the cord blood methylome on early-onset pediatric atopic dermatitis,https://reporter.nih.gov/project-details/11365750,784314,HENRY FORD HEALTH + MICHIGAN STATE UNIVERSITY HEALTH SCIENCES,,U01
genomics OR genome OR sequencing OR GWAS OR CRISPR,Which genomics technologies have experienced the fastest NIH funding growth over the last five years?,2020-2025,11449110,Immune reprogramming with bioengineered scaffolds for the treatment of biofilm infection,https://reporter.nih.gov/project-details/11449110,762758,UNIVERSITY OF NEBRASKA MEDICAL CENTER,,R01
genomics OR genome OR sequencing OR GWAS OR CRISPR,Which genomics technologies have experienced the fastest NIH funding growth over the last five years?,2020-2025,11374090,Tumor-targeted delivery of tetanus toxoid by Listeria reduces glioblastomas in mice,https://reporter.nih.gov/project-details/11374090,431970,ALBERT EINSTEIN COLLEGE OF MEDICINE,,R21
genomics OR genome OR sequencing OR GWAS OR CRISPR,Which genomics technologies have experienced the fastest NIH funding growth over the last five years?,2020-2025,11346421,Driving Innovation in Renal Therapeutics by Harnessing Novel Molecular Pathways of Renal Injury in Nephropathic Cystinosis,https://reporter.nih.gov/project-details/11346421,736509,"UNIVERSITY OF CALIFORNIA, SAN FRANCISCO",,R01
genomics OR genome OR sequencing OR GWAS OR CRISPR,Which genomics technologies have experienced the fastest NIH funding growth over the last five years?,2020-2025,11359536,Modeling bone metastasis and tumor dormancy in prostate cancer,https://reporter.nih.gov/project-details/11359536,820855,COLUMBIA UNIVERSITY HEALTH SCIENCES,,U01
genomics OR genome OR sequencing OR GWAS OR CRISPR,Which genomics technologies have experienced the fastest NIH funding growth over the last five years?,2020-2025,11275854,"Differentiation, fate, and function of pathogenic T helper cells in graft-versus-host disease",https://reporter.nih.gov/project-details/11275854,775740,PURDUE UNIVERSITY,,R01
genomics OR genome OR sequencing OR GWAS OR CRISPR,Which genomics technologies have experienced the fastest NIH funding growth over the last five years?,2020-2025,11366090,A novel eNAMPT-neutralizing mAb to reduce antimicrobial resistance following hospital- and ventilator-associated bacterial pneumonia,https://reporter.nih.gov/project-details/11366090,861088,UNIVERSITY OF FLORIDA,,R01
genomics OR genome OR sequencing OR GWAS OR CRISPR,Which genomics technologies have experienced the fastest NIH funding growth over the last five years?,2020-2025,11356472,Elucidating the molecular nature and evolutionary conservation of RNA pathogen-associated molecular patterns (PAMPs) across the poxvirus family,https://reporter.nih.gov/project-details/11356472,209499,UNIVERSITY OF TEXAS AT AUSTIN,,R21
genomics OR genome OR sequencing OR GWAS OR CRISPR,Which genomics technologies have experienced the fastest NIH funding growth over the last five years?,2020-2025,11405985,In Situ Structural Biology of HIV-1 Transcription and Latency in CD4⁺ T Cells,https://reporter.nih.gov/project-details/11405985,170980,UNIVERSITY OF OXFORD,,R21
genomics OR genome OR sequencing OR GWAS OR CRISPR,Which genomics technologies have experienced the fastest NIH funding growth over the last five years?,2020-2025,11296190,Integrating High Resolution Elemental Mapping with Spatial Transcriptomics to Analyze Metal Based Pathttps://apps.era.nih.gov/gmii/manage/view.era?applId=11296190#hways in Tumor Growth and Spread,https://reporter.nih.gov/project-details/11296190,743264,CEDARS-SINAI MEDICAL CENTER,,R37
genomics OR genome OR sequencing OR GWAS OR CRISPR,Which genomics technologies have experienced the fastest NIH funding growth over the last five years?,2020-2025,11356489,Characterization of potent antivirals targeting HBV capsid,https://reporter.nih.gov/project-details/11356489,249225,EMORY UNIVERSITY,,R21
genomics OR genome OR sequencing OR GWAS OR CRISPR,Which genomics technologies have experienced the fastest NIH funding growth over the last five years?,2020-2025,11368683,Immunotherapy for Glioblastoma by Targeting an Immunoregulatory Neuropeptide,https://reporter.nih.gov/project-details/11368683,567754,OHIO STATE UNIVERSITY,,R01
genomics OR genome OR sequencing OR GWAS OR CRISPR,Which genomics technologies have experienced the fastest NIH funding growth over the last five years?,2020-2025,11239524,Population genomic screening in primary care practices serving an urban population,https://reporter.nih.gov/project-details/11239524,963225,UNIVERSITY OF PENNSYLVANIA,,U01
genomics OR genome OR sequencing OR GWAS OR CRISPR,Which genomics technologies have experienced the fastest NIH funding growth over the last five years?,2020-2025,11356322,Host-specific profiles of Defective Viral Genomes of influenza virus,https://reporter.nih.gov/project-details/11356322,270443,"SCRIPPS RESEARCH INSTITUTE, THE",,R21
genomics OR genome OR sequencing OR GWAS OR CRISPR,Which genomics technologies have experienced the fastest NIH funding growth over the last five years?,2020-2025,11227703,Incretin Mimetics for Intercepting Obesity-Related Cancers: Effects and Underlying Mechanisms,https://reporter.nih.gov/project-details/11227703,656285,UNIV OF NORTH CAROLINA CHAPEL HILL,,R01
genomics OR genome OR sequencing OR GWAS OR CRISPR,Which genomics technologies have experienced the fastest NIH funding growth over the last five years?,2020-2025,11279673,Developing Novel High-dimensional Integrative Mediation Analysis Methods and Tools for Cardiovascular Diseases,https://reporter.nih.gov/project-details/11279673,657595,UNIVERSITY OF MINNESOTA,,R01
genomics OR genome OR sequencing OR GWAS OR CRISPR,Which genomics technologies have experienced the fastest NIH funding growth over the last five years?,2020-2025,11306321,Lactic acid sensing is a targetable vulnerability in clear cell Renal Cell Carcinoma,https://reporter.nih.gov/project-details/11306321,529260,UNIVERSITY OF MIAMI SCHOOL OF MEDICINE,,R01
genomics OR genome OR sequencing OR GWAS OR CRISPR,Which genomics technologies have experienced the fastest NIH funding growth over the last five years?,2020-2025,11365416,"Polymicrobial Tickborne Infection Immunology in an Endemic Region of Long Island, New York",https://reporter.nih.gov/project-details/11365416,787580,STATE UNIVERSITY NEW YORK STONY BROOK,,R01
genomics OR genome OR sequencing OR GWAS OR CRISPR,Which genomics technologies have experienced the fastest NIH funding growth over the last five years?,2020-2025,11439220,Reducing Intratumoral Bacteria to Enhance Anti-Tumor Immunity in Oral Squamous Cell Carcinoma,https://reporter.nih.gov/project-details/11439220,640775,CLEVELAND CLINIC LERNER COM-CWRU,,R37
genomics OR genome OR sequencing OR GWAS OR CRISPR,Which genomics technologies have experienced the fastest NIH funding growth over the last five years?,2020-2025,11297334,Integrative approach to discover genes that disentangle obesity from cardiometabolic risk in a large multi-ancestry study,https://reporter.nih.gov/project-details/11297334,856812,ICAHN SCHOOL OF MEDICINE AT MOUNT SINAI,,R01
genomics OR genome OR sequencing OR GWAS OR CRISPR,Which genomics technologies have experienced the fastest NIH funding growth over the last five years?,2020-2025,11391790,Neurodegenerative disease aggregation of TAF15,https://reporter.nih.gov/project-details/11391790,645448,BROWN UNIVERSITY,,R01
genomics OR genome OR sequencing OR GWAS OR CRISPR,Which genomics technologies have experienced the fastest NIH funding growth over the last five years?,2020-2025,11390038,2026 Cellular and Molecular Fungal Biology Gordon Research Conference and Gordon Research Seminar,https://reporter.nih.gov/project-details/11390038,10490,GORDON RESEARCH CONFERENCES,,R13
genomics OR genome OR sequencing OR GWAS OR CRISPR,Which genomics technologies have experienced the fastest NIH funding growth over the last five years?,2020-2025,11407402,A role for Nup358/RanBP2 in microtubule-based transport of HIV capsids,https://reporter.nih.gov/project-details/11407402,147822,UNIVERSITY OF NEW SOUTH WALES,,R21
genomics OR genome OR sequencing OR GWAS OR CRISPR,Which genomics technologies have experienced the fastest NIH funding growth over the last five years?,2020-2025,11430004,Reprogramming Virus-Primed Immunity for Targeted Immunotherapy of Ovarian Cancer,https://reporter.nih.gov/project-details/11430004,696221,ICAHN SCHOOL OF MEDICINE AT MOUNT SINAI,,R01
genomics OR genome OR sequencing OR GWAS OR CRISPR,Which genomics technologies have experienced the fastest NIH funding growth over the last five years?,2020-2025,11365607,Ferroptotic damage in acute pancreatitis,https://reporter.nih.gov/project-details/11365607,484720,UT SOUTHWESTERN MEDICAL CENTER,,R01
genomics OR genome OR sequencing OR GWAS OR CRISPR,Which genomics technologies have experienced the fastest NIH funding growth over the last five years?,2020-2025,11389775,Development of Gene Therapy Approaches to Cerebellar CACNA1A disorders,https://reporter.nih.gov/project-details/11389775,439588,UNIV OF NORTH CAROLINA CHAPEL HILL,,R21
genomics OR genome OR sequencing OR GWAS OR CRISPR,Which genomics technologies have experienced the fastest NIH funding growth over the last five years?,2020-2025,11293637,NextGen Spatial Multi-omics Technologies,https://reporter.nih.gov/project-details/11293637,2677663,NEW YORK GENOME CENTER,,R01
genomics OR genome OR sequencing OR GWAS OR CRISPR,Which genomics technologies have experienced the fastest NIH funding growth over the last five years?,2020-2025,11337716,Lineage plasticity sensitizes FGFR3-mutant bladder cancer to FGFR inhibitors,https://reporter.nih.gov/project-details/11337716,637473,UNIVERSITY OF TX MD ANDERSON CAN CTR,,R01
genomics OR genome OR sequencing OR GWAS OR CRISPR,Which genomics technologies have experienced the fastest NIH funding growth over the last five years?,2020-2025,11391624,Co-Regulation of Metabolism by Insulin-Glucagon Fusion Proteins,https://reporter.nih.gov/project-details/11391624,840284,INDIANA UNIVERSITY INDIANAPOLIS,,R01
genomics OR genome OR sequencing OR GWAS OR CRISPR,Which genomics technologies have experienced the fastest NIH funding growth over the last five years?,2020-2025,11447336,Mechanisms and Functional Roles of PARP1 Hyperactivation in Cancer,https://reporter.nih.gov/project-details/11447336,639707,UNIVERSITY OF CALIFORNIA-IRVINE,,R01
genomics OR genome OR sequencing OR GWAS OR CRISPR,Which genomics technologies have experienced the fastest NIH funding growth over the last five years?,2020-2025,11365417,Nickel exposure disrupts Sp1/ZEB1-dependent transcriptional regulation,https://reporter.nih.gov/project-details/11365417,3234310,NEW YORK UNIVERSITY SCHOOL OF MEDICINE,,R01
genomics OR genome OR sequencing OR GWAS OR CRISPR,Which genomics technologies have experienced the fastest NIH funding growth over the last five years?,2020-2025,11296102,Leveraging First Mouse Model Reproducing Human Translocation Renal Cell Carcinoma to Investigate Molecular Mechanisms,https://reporter.nih.gov/project-details/11296102,596501,UT SOUTHWESTERN MEDICAL CENTER,,R01
genomics OR genome OR sequencing OR GWAS OR CRISPR,Which genomics technologies have experienced the fastest NIH funding growth over the last five years?,2020-2025,11338811,Mechanisms and pharmacotherapy of neurocognitive deficits in FASD,https://reporter.nih.gov/project-details/11338811,648180,CHILDREN'S RESEARCH INSTITUTE,,R01
genomics OR genome OR sequencing OR GWAS OR CRISPR,Which genomics technologies have experienced the fastest NIH funding growth over the last five years?,2020-2025,11258781,AMS05: Ocrelizumab Discontinuation in Relapsing Multiple Sclerosis,https://reporter.nih.gov/project-details/11258781,1336625,UNIVERSITY OF PENNSYLVANIA,,U01
genomics OR genome OR sequencing OR GWAS OR CRISPR,Which genomics technologies have experienced the fastest NIH funding growth over the last five years?,2020-2025,11237269,BEACON: Building Evidence for Optimal Genomic Screening Implementation in Primary Care,https://reporter.nih.gov/project-details/11237269,664325,WAKE FOREST UNIVERSITY HEALTH SCIENCES,,U01
genomics OR genome OR sequencing OR GWAS OR CRISPR,Which genomics technologies have experienced the fastest NIH funding growth over the last five years?,2020-2025,11290145,Requirements for ZNF292 in cortical development and mechanisms of pathogenesis in neurodevelopmental disorders,https://reporter.nih.gov/project-details/11290145,763894,WASHINGTON UNIVERSITY,,R01
genomics OR genome OR sequencing OR GWAS OR CRISPR,Which genomics technologies have experienced the fastest NIH funding growth over the last five years?,2020-2025,11291772,Cellular and molecular mechanisms of CCDC120-associated osteopetrosis,https://reporter.nih.gov/project-details/11291772,337072,SOUTHERN CALIFORNIA INST FOR RES/EDUC,,R01
genomics OR genome OR sequencing OR GWAS OR CRISPR,Which genomics technologies have experienced the fastest NIH funding growth over the last five years?,2020-2025,11291912,Developmental characterization of synapses between neurons and oligodendrocyte precursor cells,https://reporter.nih.gov/project-details/11291912,528000,COLD SPRING HARBOR LABORATORY,,R21
genomics OR genome OR sequencing OR GWAS OR CRISPR,Which genomics technologies have experienced the fastest NIH funding growth over the last five years?,2020-2025,11338722,Defining the Role of Non-Clustered Protocadherins in Forebrain Circuit Assembly,https://reporter.nih.gov/project-details/11338722,513602,YALE UNIVERSITY,,R01
genomics OR genome OR sequencing OR GWAS OR CRISPR,Which genomics technologies have experienced the fastest NIH funding growth over the last five years?,2020-2025,11283124,Environmental sampling for the fungal pathogen Coccidioides spp. in New Mexico,https://reporter.nih.gov/project-details/11283124,520223,"TRIAD NATIONAL SECURITY, LLC",,R21
genomics OR genome OR sequencing OR GWAS OR CRISPR,Which genomics technologies have experienced the fastest NIH funding growth over the last five years?,2020-2025,11282313,AI-guided structural biology of Cav1.2,https://reporter.nih.gov/project-details/11282313,233250,UNIVERSITY OF WASHINGTON,,R03
genomics OR genome OR sequencing OR GWAS OR CRISPR,Which genomics technologies have experienced the fastest NIH funding growth over the last five years?,2020-2025,11297803,TACTIC: Tuberculosis Active Case Tracking via Interpersonal Connections,https://reporter.nih.gov/project-details/11297803,487764,BOSTON MEDICAL CENTER,,R01
genomics OR genome OR sequencing OR GWAS OR CRISPR,Which genomics technologies have experienced the fastest NIH funding growth over the last five years?,2020-2025,11344512,Defining Microbial and Host Pathways Driving Asymptomatic C. difficile Colonization Associated with Aging and High-Sugar Diets,https://reporter.nih.gov/project-details/11344512,649186,UNIVERSITY OF LOUISVILLE,,R01
genomics OR genome OR sequencing OR GWAS OR CRISPR,Which genomics technologies have experienced the fastest NIH funding growth over the last five years?,2020-2025,11346605,Causal mechanisms driving germline predisposition to myeloproliferative disorders,https://reporter.nih.gov/project-details/11346605,561407,ALBERT EINSTEIN COLLEGE OF MEDICINE,,R01
genomics OR genome OR sequencing OR GWAS OR CRISPR,Which genomics technologies have experienced the fastest NIH funding growth over the last five years?,2020-2025,11354081,Developing a novel technology for studying T cell differentiation in vivo,https://reporter.nih.gov/project-details/11354081,154394,NORTHWESTERN UNIVERSITY,,R21
genomics OR genome OR sequencing OR GWAS OR CRISPR,Which genomics technologies have experienced the fastest NIH funding growth over the last five years?,2020-2025,11391935,Targeting VIP–VPAC Signaling to Reverse Immune Exclusion and Enhance Immunotherapy Response in Pancreatic Cancer,https://reporter.nih.gov/project-details/11391935,636358,EMORY UNIVERSITY,,R01
genomics OR genome OR sequencing OR GWAS OR CRISPR,Which genomics technologies have experienced the fastest NIH funding growth over the last five years?,2020-2025,11239406,The Yale Population Genomic Screening Pilot: Outcomes and Best Practices for Implementation Across Different Clinical Settings.,https://reporter.nih.gov/project-details/11239406,940555,YALE UNIVERSITY,,U01
genomics OR genome OR sequencing OR GWAS OR CRISPR,Which genomics technologies have experienced the fastest NIH funding growth over the last five years?,2020-2025,11291374,Genetic Predictors of Exercise and Physical Activity Dropout and Adherence,https://reporter.nih.gov/project-details/11291374,242250,DUKE UNIVERSITY,,R21
genomics OR genome OR sequencing OR GWAS OR CRISPR,Which genomics technologies have experienced the fastest NIH funding growth over the last five years?,2020-2025,11351274,Mechanisms of antigen-specific T cell activation in MOGAD,https://reporter.nih.gov/project-details/11351274,190836,"UNIVERSITY OF CALIFORNIA, SAN FRANCISCO",,K08
genomics OR genome OR sequencing OR GWAS OR CRISPR,Which genomics technologies have experienced the fastest NIH funding growth over the last five years?,2020-2025,11358648,Development of a multi-modal mouse model of cluster headache,https://reporter.nih.gov/project-details/11358648,392223,UNIVERSITY OF TEXAS HLTH SCI CTR HOUSTON,,R61
genomics OR genome OR sequencing OR GWAS OR CRISPR,Which genomics technologies have experienced the fastest NIH funding growth over the last five years?,2020-2025,11367210,Structural and functional characterization of autoimmune antibodies against NMDAR,https://reporter.nih.gov/project-details/11367210,929257,COLD SPRING HARBOR LABORATORY,,R01
genomics OR genome OR sequencing OR GWAS OR CRISPR,Which genomics technologies have experienced the fastest NIH funding growth over the last five years?,2020-2025,11407888,ATPase Chromatin Remodeling Complexes as Modulators of HIV-1 Latency and Therapeutic Targets,https://reporter.nih.gov/project-details/11407888,3389992,UNIVERSITY OF FLORIDA,,R01
genomics OR genome OR sequencing OR GWAS OR CRISPR,Which genomics technologies have experienced the fastest NIH funding growth over the last five years?,2020-2025,11367404,Multimodal computational models for early prediction of peritoneal recurrence in gastric cancer,https://reporter.nih.gov/project-details/11367404,513915,WAKE FOREST UNIVERSITY HEALTH SCIENCES,,R37
genomics OR genome OR sequencing OR GWAS OR CRISPR,Which genomics technologies have experienced the fastest NIH funding growth over the last five years?,2020-2025,11420767,TAR RNA binding to INI1/SMARCB1 and its role in HIV-1 transcription and latency reactivation,https://reporter.nih.gov/project-details/11420767,3204071,ALBERT EINSTEIN COLLEGE OF MEDICINE,,R01
genomics OR genome OR sequencing OR GWAS OR CRISPR,Which genomics technologies have experienced the fastest NIH funding growth over the last five years?,2020-2025,11294412,Targeting disulfidptosis in cancer: mechanisms and preclinical translation,https://reporter.nih.gov/project-details/11294412,621632,UNIVERSITY OF TX MD ANDERSON CAN CTR,,R01
genomics OR genome OR sequencing OR GWAS OR CRISPR,Which genomics technologies have experienced the fastest NIH funding growth over the last five years?,2020-2025,11351631,Primary cilia protein IFT88 governs smooth muscle phenotype and vascular remodeling,https://reporter.nih.gov/project-details/11351631,126177,YALE UNIVERSITY,,K99
genomics OR genome OR sequencing OR GWAS OR CRISPR,Which genomics technologies have experienced the fastest NIH funding growth over the last five years?,2020-2025,11388452,Specific Affinity Requirements for Antibody Somatic Hypermutation,https://reporter.nih.gov/project-details/11388452,3001538,BRIGHAM AND WOMEN'S HOSPITAL,,R01
genomics OR genome OR sequencing OR GWAS OR CRISPR,Which genomics technologies have experienced the fastest NIH funding growth over the last five years?,2020-2025,11470303,Structure-Based Development of Nucleotide-Competing Inhibitors Against HIV-1 and LINE-1 Reverse Transcriptases,https://reporter.nih.gov/project-details/11470303,235500,RUTGERS BIOMEDICAL AND HEALTH SCIENCES,,R21
genomics OR genome OR sequencing OR GWAS OR CRISPR,Which genomics technologies have experienced the fastest NIH funding growth over the last five years?,2020-2025,11368996,Response and defense mechanisms of extraintestinal Escherichia coli to reactive oxygen and chlorine species,https://reporter.nih.gov/project-details/11368996,555000,ILLINOIS STATE UNIVERSITY,,R15
genomics OR genome OR sequencing OR GWAS OR CRISPR,Which genomics technologies have experienced the fastest NIH funding growth over the last five years?,2020-2025,11352441,Chromatin-Based Mechanisms Linking Transcriptional Dysregulation to Genome Instability in Neurodevelopmental Disorders.,https://reporter.nih.gov/project-details/11352441,116510,BROWN UNIVERSITY,,K99
genomics OR genome OR sequencing OR GWAS OR CRISPR,Which genomics technologies have experienced the fastest NIH funding growth over the last five years?,2020-2025,11373945,Development of a synthetic human centromere,https://reporter.nih.gov/project-details/11373945,240000,NORTHWESTERN UNIVERSITY,,R21
genomics OR genome OR sequencing OR GWAS OR CRISPR,Which genomics technologies have experienced the fastest NIH funding growth over the last five years?,2020-2025,11374005,Multi-modal Micro Electrode Fluidic Array (MEFA) Shells for Brain Organoids,https://reporter.nih.gov/project-details/11374005,427563,JOHNS HOPKINS UNIVERSITY,,R21
genomics OR genome OR sequencing OR GWAS OR CRISPR,Which genomics technologies have experienced the fastest NIH funding growth over the last five years?,2020-2025,11374605,Pathogenic mechanisms of expanded ZFHX3 in SCA4 cerebellar organoids,https://reporter.nih.gov/project-details/11374605,423500,UTAH STATE HIGHER EDUCATION SYSTEM--UNIVERSITY OF UTAH,,R21
genomics OR genome OR sequencing OR GWAS OR CRISPR,Which genomics technologies have experienced the fastest NIH funding growth over the last five years?,2020-2025,11405547,HIV-1 Matrix and Envelope Protein Interactions,https://reporter.nih.gov/project-details/11405547,708281,OREGON HEALTH & SCIENCE UNIVERSITY,,R01
genomics OR genome OR sequencing OR GWAS OR CRISPR,Which genomics technologies have experienced the fastest NIH funding growth over the last five years?,2020-2025,11239234,PopScreen: Implementing Population Genomic Screening in Primary Care,https://reporter.nih.gov/project-details/11239234,1008584,BRIGHAM AND WOMEN'S HOSPITAL,,U01
genomics OR genome OR sequencing OR GWAS OR CRISPR,Which genomics technologies have experienced the fastest NIH funding growth over the last five years?,2020-2025,11339693,"Borrelia burgdorferi genotypic diversity, pathogenesis, and host cellular responses",https://reporter.nih.gov/project-details/11339693,715313,UNIVERSITY OF PITTSBURGH AT PITTSBURGH,,R01
genomics OR genome OR sequencing OR GWAS OR CRISPR,Which genomics technologies have experienced the fastest NIH funding growth over the last five years?,2020-2025,11275420,BKCa Channel Contributions to Cerebellar Regulated TSC-Associated Neuropsychiatric Disorders,https://reporter.nih.gov/project-details/11275420,635505,UT SOUTHWESTERN MEDICAL CENTER,,R01
genomics OR genome OR sequencing OR GWAS OR CRISPR,Which genomics technologies have experienced the fastest NIH funding growth over the last five years?,2020-2025,11340291,Validating Causality of Disputed Mitochondrial Variants in Inborn Errors of Metabolism,https://reporter.nih.gov/project-details/11340291,722631,MEDICAL COLLEGE OF WISCONSIN,,R01
genomics OR genome OR sequencing OR GWAS OR CRISPR,Which genomics technologies have experienced the fastest NIH funding growth over the last five years?,2020-2025,11350106,Pathogenesis and Assessment of Activity in Celiac Disease (CeD),https://reporter.nih.gov/project-details/11350106,2334896,YALE UNIVERSITY,,P01
genomics OR genome OR sequencing OR GWAS OR CRISPR,Which genomics technologies have experienced the fastest NIH funding growth over the last five years?,2020-2025,11364842,Transcriptional control of activation induced deaminase (AID) function,https://reporter.nih.gov/project-details/11364842,751919,YALE UNIVERSITY,,R01
genomics OR genome OR sequencing OR GWAS OR CRISPR,Which genomics technologies have experienced the fastest NIH funding growth over the last five years?,2020-2025,11373134,I3-BC: Image-Based Infiltrating Immune Cell Detection and Outcomes in Breast Cancer Clinical Trials,https://reporter.nih.gov/project-details/11373134,394695,OHIO STATE UNIVERSITY,,R21
genomics OR genome OR sequencing OR GWAS OR CRISPR,Which genomics technologies have experienced the fastest NIH funding growth over the last five years?,2020-2025,11343020,Targeting the Molecular Crosstalk Between EZHIP and PRC2 in PFA Ependymoma,https://reporter.nih.gov/project-details/11343020,384065,UT SOUTHWESTERN MEDICAL CENTER,,R01
genomics OR genome OR sequencing OR GWAS OR CRISPR,Which genomics technologies have experienced the fastest NIH funding growth over the last five years?,2020-2025,11364366,Staphylococcus aureus metabolic requirements during skin colonization,https://reporter.nih.gov/project-details/11364366,739968,UNIVERSITY OF COLORADO DENVER,,R01
genomics OR genome OR sequencing OR GWAS OR CRISPR,Which genomics technologies have experienced the fastest NIH funding growth over the last five years?,2020-2025,11386240,Characterizing the role of endogenous nociceptin opioid release from the central amygdala in reward outcome encoding,https://reporter.nih.gov/project-details/11386240,50114,UNIVERSITY OF WASHINGTON,,F31
genomics OR genome OR sequencing OR GWAS OR CRISPR,Which genomics technologies have experienced the fastest NIH funding growth over the last five years?,2020-2025,11352142,Characterizing adipocyte heterogeneity in response to metabolic stress,https://reporter.nih.gov/project-details/11352142,123000,UNIVERSITY OF CHICAGO,,R03
genomics OR genome OR sequencing OR GWAS OR CRISPR,Which genomics technologies have experienced the fastest NIH funding growth over the last five years?,2020-2025,11368399,From B-cell decisions to antibody repertoires,https://reporter.nih.gov/project-details/11368399,744483,UNIVERSITY OF CALIFORNIA LOS ANGELES,,R01
genomics OR genome OR sequencing OR GWAS OR CRISPR,Which genomics technologies have experienced the fastest NIH funding growth over the last five years?,2020-2025,11279349,Dissecting the non-mutational mechanisms of benign-to-malignant transition in colon cancer,https://reporter.nih.gov/project-details/11279349,704182,COLD SPRING HARBOR LABORATORY,,R01
genomics OR genome OR sequencing OR GWAS OR CRISPR,Which genomics technologies have experienced the fastest NIH funding growth over the last five years?,2020-2025,11340619,Molecular Mechanisms of Delta-2 Receptor Dysfunction in Neurological Diseases,https://reporter.nih.gov/project-details/11340619,388646,JOHNS HOPKINS UNIVERSITY,,R01
genomics OR genome OR sequencing OR GWAS OR CRISPR,Which genomics technologies have experienced the fastest NIH funding growth over the last five years?,2020-2025,11361324,Deconstructing nuclear speckles contribution to muscle stem cell activation across lifespan,https://reporter.nih.gov/project-details/11361324,630434,UNIVERSITY OF MICHIGAN AT ANN ARBOR,,R01
genomics OR genome OR sequencing OR GWAS OR CRISPR,Which genomics technologies have experienced the fastest NIH funding growth over the last five years?,2020-2025,11367693,Immune Regulatory Functions of DOCK-STAT complexes,https://reporter.nih.gov/project-details/11367693,700957,BOSTON CHILDREN'S HOSPITAL,,R01
genomics OR genome OR sequencing OR GWAS OR CRISPR,Which genomics technologies have experienced the fastest NIH funding growth over the last five years?,2020-2025,11368160,Tregs: The force is strong in this one,https://reporter.nih.gov/project-details/11368160,3072554,UTAH STATE HIGHER EDUCATION SYSTEM--UNIVERSITY OF UTAH,,R01
genomics OR genome OR sequencing OR GWAS OR CRISPR,Which genomics technologies have experienced the fastest NIH funding growth over the last five years?,2020-2025,11349416,Drug repurposing for ALD: can gene families share therapies?,https://reporter.nih.gov/project-details/11349416,445500,HUGO W. MOSER RES INST KENNEDY KRIEGER,,R21
genomics OR genome OR sequencing OR GWAS OR CRISPR,Which genomics technologies have experienced the fastest NIH funding growth over the last five years?,2020-2025,11345970,AURKA/KAP1 signaling in breast cancer metastasis,https://reporter.nih.gov/project-details/11345970,443359,WEST VIRGINIA UNIVERSITY,,R01
genomics OR genome OR sequencing OR GWAS OR CRISPR,Which genomics technologies have experienced the fastest NIH funding growth over the last five years?,2020-2025,11355011,Defining T-cell Interactions and Targets in Drug Reaction with Eosinophilia and Systemic Symptoms Using Single-Cell and Spatial Profiling,https://reporter.nih.gov/project-details/11355011,262500,VANDERBILT UNIVERSITY MEDICAL CENTER,,R21
genomics OR genome OR sequencing OR GWAS OR CRISPR,Which genomics technologies have experienced the fastest NIH funding growth over the last five years?,2020-2025,11364749,Mechansim of  RING-between-RING  ubiquitin signaling  in DNA repair,https://reporter.nih.gov/project-details/11364749,482637,UNIVERSITY OF TEXAS HLTH SCIENCE CENTER,,R01
genomics OR genome OR sequencing OR GWAS OR CRISPR,Which genomics technologies have experienced the fastest NIH funding growth over the last five years?,2020-2025,11373883,Mechanism of Transposon Silencing in the Brain,https://reporter.nih.gov/project-details/11373883,415250,MEDICAL UNIVERSITY OF SOUTH CAROLINA,,R21
genomics OR genome OR sequencing OR GWAS OR CRISPR,Which genomics technologies have experienced the fastest NIH funding growth over the last five years?,2020-2025,11385265,Peroxisomal control of CD4+ T cell inflammatory responses,https://reporter.nih.gov/project-details/11385265,202500,CINCINNATI CHILDRENS HOSP MED CTR,,R21
genomics OR genome OR sequencing OR GWAS OR CRISPR,Which genomics technologies have experienced the fastest NIH funding growth over the last five years?,2020-2025,11109241,Chromatin Signaling Mechanisms in Metabolic Aging and Disease,https://reporter.nih.gov/project-details/11109241,542730,PALO ALTO VETERANS INSTIT FOR RESEARCH,,R01
genomics OR genome OR sequencing OR GWAS OR CRISPR,Which genomics technologies have experienced the fastest NIH funding growth over the last five years?,2020-2025,11264284,Cryopreserved Zebrafish Embryos as a Resource: Dissemination for Global Research Impact,https://reporter.nih.gov/project-details/11264284,731592,UNIVERSITY OF MINNESOTA,,R24
genomics OR genome OR sequencing OR GWAS OR CRISPR,Which genomics technologies have experienced the fastest NIH funding growth over the last five years?,2020-2025,11281780,Uncovering spinal circuits recruited by descending facilitation,https://reporter.nih.gov/project-details/11281780,129330,UNIVERSITY OF PITTSBURGH AT PITTSBURGH,,K99
genomics OR genome OR sequencing OR GWAS OR CRISPR,Which genomics technologies have experienced the fastest NIH funding growth over the last five years?,2020-2025,11295340,LNP-associated inflammation: Identifying the mechanisms and reengineering LNPs to be non-inflammatory,https://reporter.nih.gov/project-details/11295340,726531,UNIVERSITY OF PENNSYLVANIA,,R01
genomics OR genome OR sequencing OR GWAS OR CRISPR,Which genomics technologies have experienced the fastest NIH funding growth over the last five years?,2020-2025,11313701,A Fully Integrated Platform for Reproducible and Scalable Single-Cell Sequencing in Clinical Research,https://reporter.nih.gov/project-details/11313701,382798,"SANSIMEON, INC",,R44
genomics OR genome OR sequencing OR GWAS OR CRISPR,Which genomics technologies have experienced the fastest NIH funding growth over the last five years?,2020-2025,11320558,Employing the gut microbiome to accelerate effective initiation of rheumatoid arthritis therapy,https://reporter.nih.gov/project-details/11320558,713834,NEW YORK UNIVERSITY SCHOOL OF MEDICINE,,R01
genomics OR genome OR sequencing OR GWAS OR CRISPR,Which genomics technologies have experienced the fastest NIH funding growth over the last five years?,2020-2025,11345115,Metabolomic mechanisms contributing to prostate cancer risk across multiple populations,https://reporter.nih.gov/project-details/11345115,760396,FRED HUTCHINSON CANCER CENTER,,R01
